﻿{
    "code": "dynamitestick",
    "class": "ItemDynamiteStick",
    "maxstacksize": 16,
    "shape": { "base": "item/dynamitestick" },
    "creativeinventory": {
        "general": [ "*" ],
        "items": [ "*" ]
    },
    "attributes": {
        "displaycaseable": true,
        "shelvable": true,
        "inContainerTexture": { "base": "kosfire:block/dynamitebarrel" }
    },
    "materialDensity": 200,
    "guiTransform": {
        "translation": {
            "x": 1,
            "y": 0,
            "z": 0
        },
        "rotation": {
            "x": -22,
            "y": -22,
            "z": -155
        },
        "origin": {
            "x": 0.5,
            "y": 0.27,
            "z": 0.5
        },
        "scale": 2.75
    },
    "fpHandTransform": {
        "rotation": {
            "x": -19,
            "y": -45,
            "z": 0
        },
        "scale": 3
    },
    "tpHandTransform": {
        "translation": {
            "x": -0.9,
            "y": -0.3,
            "z": -0.71
        },
        "rotation": {
            "x": 0,
            "y": -2,
            "z": -90
        },
        "origin": {
            "x": 0.5,
            "y": 0.25,
            "z": 0.5
        },
        "scale": 0.7
    },
    "groundTransform": {
        "scale": 4
    }
}