{
  "code": "phosphorusmatch",
  "class": "ItemPhosphorusMatch",
  "shape": { "base": "item/phosphorusmatch" },
  "attributes": {
    "placeSound": "game:sounds/block/loosestick"
  },
  "creativeinventory": {
    "general": [ "*" ],
    "items": [ "*" ],
    "chemistry": [ "*" ]
  },
  "maxstacksize": 64,
  "materialDensity": 450,
  "heldTpHitAnimation": "breaktool",
  "fpHandTransform": {
    "translation": {
      "x": 0,
      "y": 0,
      "z": 0
    },
    "rotation": {
      "x": 72,
      "y": 143,
      "z": -30
    },
    "origin": {
      "x": 0.5,
      "y": 0.3,
      "z": 0.5
    },
    "scale": 1.53
  },
  "guiTransform": {
    "translation": {
      "x": 0,
      "y": 0,
      "z": 0
    },
    "rotation": {
      "x": -53,
      "y": 91,
      "z": -9
    },
    "origin": {
      "x": 0.58,
      "y": 0.19,
      "z": 0.44
    },
    "scale": 2.11
  },
  "tpHandTransform": {
    "translation": {
      "x": -1.22,
      "y": 0.06,
      "z": -0.89
    },
    "rotation": {
      "x": -6,
      "y": 30,
      "z": 18
    },
    "origin": {
      "x": 0.5,
      "y": 0,
      "z": 0.5
    },
    "scale": 0.59
  },
  "groundTransform": {
    "translation": {
      "x": 0,
      "y": 0,
      "z": 0
    },
    "rotation": {
      "x": 0,
      "y": 0,
      "z": 0
    },
    "origin": {
      "x": 0.5,
      "y": 0,
      "z": 0.5
    },
    "scale": 5
  }
}