{
	"editor": {
		"allAngles": false,
		"entityTextureMode": false
	},
	"textureWidth": 16,
	"textureHeight": 16,
	"textureSizes": {
	},
	"textures": {
		"oak": "game:block/wood/debarked/oak",
		"redphosphorus": "chemistrylib:item/phosphorusred"
	},
	"elements": [
		{
			"name": "base",
			"from": [ 9.0, 0.0, 8.0 ], 
			"to": [ 9.0, 0.0, 8.0 ], 
			"rotationOrigin": [ 8.0, 0.0, 8.0 ],
			"faces": {
				"north": { "texture": "#null", "uv": [ 0.0, 0.0, 1.0, 1.0 ], "enabled": false, "autoUv": false },
				"east": { "texture": "#null", "uv": [ 0.0, 0.0, 1.0, 1.0 ], "enabled": false, "autoUv": false },
				"south": { "texture": "#null", "uv": [ 0.0, 0.0, 1.0, 1.0 ], "enabled": false, "autoUv": false },
				"west": { "texture": "#null", "uv": [ 0.0, 0.0, 0.5, 0.5 ], "enabled": false },
				"up": { "texture": "#null", "uv": [ 0.0, 0.0, 1.0, 1.0 ], "enabled": false, "autoUv": false },
				"down": { "texture": "#null", "uv": [ 0.0, 0.0, 1.0, 1.0 ], "enabled": false, "autoUv": false }
			},
			"children": [
				{
					"name": "long",
					"from": [ -8.8, 0.0, 0.3 ], 
					"to": [ 1.2, 1.0, 0.8 ], 
					"rotationOrigin": [ 0.0, 0.0, 0.3 ],
					"rotationY": -45.0,
					"faces": {
						"north": { "texture": "#oak", "uv": [ 0.0, 3.5, 16.0, 4.5 ], "autoUv": false },
						"east": { "texture": "#oak", "uv": [ 1.5, 3.0, 2.0, 4.0 ] },
						"south": { "texture": "#oak", "uv": [ 0.0, 13.0, 10.0, 14.0 ] },
						"west": { "texture": "#oak", "uv": [ 1.0, 3.5, 1.5, 4.5 ] },
						"up": { "texture": "#oak", "uv": [ 0.0, 12.5, 10.0, 13.0 ] },
						"down": { "texture": "#oak", "uv": [ 0.0, 2.5, 16.0, 3.5 ], "autoUv": false }
					},
					"children": [
						{
							"name": "Cube1",
							"from": [ 0.5, 0.3, 0.5 ], 
							"to": [ 9.5, 0.8, 1.0 ], 
							"rotationOrigin": [ 0.5, 0.3, 0.5 ],
							"faces": {
								"north": { "texture": "#oak", "uv": [ 0.0, 0.0, 9.0, 0.5 ], "enabled": false },
								"east": { "texture": "#oak", "uv": [ 7.5, 7.5, 8.0, 8.0 ] },
								"south": { "texture": "#oak", "uv": [ 3.5, 6.0, 12.5, 6.5 ] },
								"west": { "texture": "#oak", "uv": [ 3.0, 6.0, 3.5, 6.5 ] },
								"up": { "texture": "#oak", "uv": [ 3.5, 8.5, 12.5, 9.0 ] },
								"down": { "texture": "#oak", "uv": [ 4.0, 5.5, 13.0, 6.0 ] }
							}
						},
						{
							"name": "Cube4",
							"from": [ 9.0, -0.3, -0.3 ], 
							"to": [ 10.5, 1.2, 1.2 ], 
							"rotationOrigin": [ 9.0, -0.3, -0.3 ],
							"faces": {
								"north": { "texture": "#redphosphorus", "uv": [ 8.0, 7.0, 9.5, 8.5 ] },
								"east": { "texture": "#redphosphorus", "uv": [ 7.0, 8.0, 8.5, 9.5 ] },
								"south": { "texture": "#redphosphorus", "uv": [ 7.5, 6.0, 9.0, 7.5 ] },
								"west": { "texture": "#redphosphorus", "uv": [ 8.0, 8.0, 9.5, 9.5 ] },
								"up": { "texture": "#redphosphorus", "uv": [ 6.0, 5.5, 7.5, 7.0 ] },
								"down": { "texture": "#redphosphorus", "uv": [ 6.5, 8.0, 8.0, 9.5 ] }
							},
							"children": [
								{
									"name": "Cube5",
									"from": [ 0.2, -0.3, 0.2 ], 
									"to": [ 1.2, 1.7, 1.2 ], 
									"rotationOrigin": [ 0.2, -0.3, 0.2 ],
									"faces": {
										"north": { "texture": "#redphosphorus", "uv": [ 8.5, 8.0, 9.5, 10.0 ] },
										"east": { "texture": "#redphosphorus", "uv": [ 6.0, 6.0, 7.0, 8.0 ] },
										"south": { "texture": "#redphosphorus", "uv": [ 9.0, 5.5, 10.0, 7.5 ] },
										"west": { "texture": "#redphosphorus", "uv": [ 6.0, 7.5, 7.0, 9.5 ] },
										"up": { "texture": "#redphosphorus", "uv": [ 5.0, 8.0, 6.0, 9.0 ] },
										"down": { "texture": "#redphosphorus", "uv": [ 6.5, 9.0, 7.5, 10.0 ] }
									}
								},
								{
									"name": "Cube6",
									"from": [ 0.2, 0.2, -0.2 ], 
									"to": [ 1.2, 1.2, 1.8 ], 
									"rotationOrigin": [ 0.2, 0.2, -0.2 ],
									"faces": {
										"north": { "texture": "#redphosphorus", "uv": [ 7.0, 7.0, 8.0, 8.0 ] },
										"east": { "texture": "#redphosphorus", "uv": [ 8.0, 6.0, 10.0, 7.0 ] },
										"south": { "texture": "#redphosphorus", "uv": [ 8.0, 8.5, 9.0, 9.5 ] },
										"west": { "texture": "#redphosphorus", "uv": [ 5.5, 7.0, 7.5, 8.0 ] },
										"up": { "texture": "#redphosphorus", "uv": [ 8.5, 6.5, 9.5, 8.5 ] },
										"down": { "texture": "#redphosphorus", "uv": [ 9.0, 7.0, 10.0, 9.0 ] }
									}
								}
							]
						}
					]
				}
			]
		}
	]}